{
  "models": [
    {
      "id": "User",
      "name": "User",
      "idField": "id",
      "displayFields": ["id"],
      "create": true,
      "update": true,
      "delete": true,
      "fields": [
        {
          "id": "User.id",
          "name": "id",
          "type": "String",
          "isId": true,
          "unique": false,
          "list": false,
          "required": true,
          "kind": "scalar",
          "relationField": false,
          "title": "Id",
          "create": false,
          "update": false,
          "editor": false,
          "upload": false,
          "read": true,
          "filter": true,
          "sort": true,
          "order": -1
        },
        {
          "id": "User.firstName",
          "name": "firstName",
          "type": "String",
          "isId": false,
          "unique": false,
          "list": false,
          "required": true,
          "kind": "scalar",
          "relationField": false,
          "title": "First Name",
          "create": true,
          "update": true,
          "editor": false,
          "upload": false,
          "read": true,
          "filter": true,
          "sort": true,
          "order": -1
        },
        {
          "id": "User.lastName",
          "name": "lastName",
          "type": "String",
          "isId": false,
          "unique": false,
          "list": false,
          "required": true,
          "kind": "scalar",
          "relationField": false,
          "title": "Last Name",
          "create": true,
          "update": true,
          "editor": false,
          "upload": false,
          "read": true,
          "filter": true,
          "sort": true,
          "order": -1
        },
        {
          "id": "User.age",
          "name": "age",
          "type": "Int",
          "isId": false,
          "unique": false,
          "list": false,
          "required": true,
          "kind": "scalar",
          "relationField": false,
          "title": "Age",
          "create": true,
          "update": true,
          "editor": false,
          "upload": false,
          "read": true,
          "filter": true,
          "sort": true,
          "order": -1
        },
        {
          "id": "User.login",
          "name": "login",
          "type": "String",
          "isId": false,
          "unique": true,
          "list": false,
          "required": true,
          "kind": "scalar",
          "relationField": false,
          "title": "Login",
          "create": true,
          "update": true,
          "editor": false,
          "upload": false,
          "read": true,
          "filter": true,
          "sort": true,
          "order": -1
        },
        {
          "id": "User.password",
          "name": "password",
          "type": "String",
          "isId": false,
          "unique": false,
          "list": false,
          "required": true,
          "kind": "scalar",
          "relationField": false,
          "title": "Password",
          "create": true,
          "update": true,
          "editor": false,
          "upload": false,
          "read": true,
          "filter": true,
          "sort": true,
          "order": -1
        },
        {
          "id": "User.role",
          "name": "role",
          "type": "userRole",
          "isId": false,
          "unique": false,
          "list": false,
          "required": true,
          "kind": "enum",
          "relationField": false,
          "title": "Role",
          "create": true,
          "update": true,
          "editor": false,
          "upload": false,
          "read": true,
          "filter": true,
          "sort": true,
          "order": -1
        },
        {
          "id": "User.medicalPatientRecord",
          "name": "medicalPatientRecord",
          "type": "medicalRecord",
          "isId": false,
          "unique": false,
          "list": true,
          "required": false,
          "kind": "object",
          "title": "Medical Patient Record",
          "create": true,
          "update": true,
          "editor": false,
          "upload": false,
          "read": true,
          "filter": true,
          "sort": true,
          "order": -1
        },
        {
          "id": "User.medicalDentistRecord",
          "name": "medicalDentistRecord",
          "type": "medicalRecord",
          "isId": false,
          "unique": false,
          "list": true,
          "required": false,
          "kind": "object",
          "title": "Medical Dentist Record",
          "create": true,
          "update": true,
          "editor": false,
          "upload": false,
          "read": true,
          "filter": true,
          "sort": true,
          "order": -1
        },
        {
          "id": "User.tokenVersion",
          "name": "tokenVersion",
          "type": "Int",
          "isId": false,
          "unique": false,
          "list": false,
          "required": false,
          "kind": "scalar",
          "relationField": false,
          "title": "Token Version",
          "create": true,
          "update": true,
          "editor": false,
          "upload": false,
          "read": true,
          "filter": true,
          "sort": true,
          "order": -1
        }
      ]
    },
    {
      "id": "dentalDisease",
      "name": "Dental Disease",
      "idField": "id",
      "displayFields": ["id"],
      "create": true,
      "update": true,
      "delete": true,
      "fields": [
        {
          "id": "dentalDisease.id",
          "name": "id",
          "type": "String",
          "isId": true,
          "unique": false,
          "list": false,
          "required": true,
          "kind": "scalar",
          "relationField": false,
          "title": "Id",
          "create": false,
          "update": false,
          "editor": false,
          "upload": false,
          "read": true,
          "filter": true,
          "sort": true,
          "order": -1
        },
        {
          "id": "dentalDisease.name",
          "name": "name",
          "type": "String",
          "isId": false,
          "unique": true,
          "list": false,
          "required": true,
          "kind": "scalar",
          "relationField": false,
          "title": "Name",
          "create": true,
          "update": true,
          "editor": false,
          "upload": false,
          "read": true,
          "filter": true,
          "sort": true,
          "order": -1
        },
        {
          "id": "dentalDisease.medicalRecords",
          "name": "medicalRecords",
          "type": "medicalRecord",
          "isId": false,
          "unique": false,
          "list": true,
          "required": false,
          "kind": "object",
          "title": "Medical Records",
          "create": true,
          "update": true,
          "editor": false,
          "upload": false,
          "read": true,
          "filter": true,
          "sort": true,
          "order": -1
        }
      ]
    },
    {
      "id": "dentalProcedure",
      "name": "Dental Procedure",
      "idField": "id",
      "displayFields": ["id"],
      "create": true,
      "update": true,
      "delete": true,
      "fields": [
        {
          "id": "dentalProcedure.id",
          "name": "id",
          "type": "String",
          "isId": true,
          "unique": false,
          "list": false,
          "required": true,
          "kind": "scalar",
          "relationField": false,
          "title": "Id",
          "create": false,
          "update": false,
          "editor": false,
          "upload": false,
          "read": true,
          "filter": true,
          "sort": true,
          "order": -1
        },
        {
          "id": "dentalProcedure.name",
          "name": "name",
          "type": "String",
          "isId": false,
          "unique": true,
          "list": false,
          "required": true,
          "kind": "scalar",
          "relationField": false,
          "title": "Name",
          "create": true,
          "update": true,
          "editor": false,
          "upload": false,
          "read": true,
          "filter": true,
          "sort": true,
          "order": -1
        },
        {
          "id": "dentalProcedure.price",
          "name": "price",
          "type": "Float",
          "isId": false,
          "unique": false,
          "list": false,
          "required": true,
          "kind": "scalar",
          "relationField": false,
          "title": "Price",
          "create": true,
          "update": true,
          "editor": false,
          "upload": false,
          "read": true,
          "filter": true,
          "sort": true,
          "order": -1
        },
        {
          "id": "dentalProcedure.medicalRecords",
          "name": "medicalRecords",
          "type": "medicalRecord",
          "isId": false,
          "unique": false,
          "list": true,
          "required": false,
          "kind": "object",
          "title": "Medical Records",
          "create": true,
          "update": true,
          "editor": false,
          "upload": false,
          "read": true,
          "filter": true,
          "sort": true,
          "order": -1
        }
      ]
    },
    {
      "id": "medicalRecord",
      "name": "Medical Record",
      "idField": "id",
      "displayFields": ["id"],
      "create": true,
      "update": true,
      "delete": true,
      "fields": [
        {
          "id": "medicalRecord.id",
          "name": "id",
          "type": "String",
          "isId": true,
          "unique": false,
          "list": false,
          "required": true,
          "kind": "scalar",
          "relationField": false,
          "title": "Id",
          "create": false,
          "update": false,
          "editor": false,
          "upload": false,
          "read": true,
          "filter": true,
          "sort": true,
          "order": -1
        },
        {
          "id": "medicalRecord.date",
          "name": "date",
          "type": "DateTime",
          "isId": false,
          "unique": false,
          "list": false,
          "required": true,
          "kind": "scalar",
          "relationField": false,
          "title": "Date",
          "create": true,
          "update": true,
          "editor": false,
          "upload": false,
          "read": true,
          "filter": true,
          "sort": true,
          "order": -1
        },
        {
          "id": "medicalRecord.patientId",
          "name": "patientId",
          "type": "String",
          "isId": false,
          "unique": false,
          "list": false,
          "required": true,
          "kind": "scalar",
          "relationField": true,
          "title": "Patient Id",
          "create": false,
          "update": false,
          "editor": false,
          "upload": false,
          "read": true,
          "filter": true,
          "sort": true,
          "order": -1
        },
        {
          "id": "medicalRecord.patient",
          "name": "patient",
          "type": "User",
          "isId": false,
          "unique": false,
          "list": false,
          "required": true,
          "kind": "object",
          "title": "Patient",
          "create": true,
          "update": true,
          "editor": false,
          "upload": false,
          "read": true,
          "filter": true,
          "sort": true,
          "order": -1
        },
        {
          "id": "medicalRecord.dentistId",
          "name": "dentistId",
          "type": "String",
          "isId": false,
          "unique": false,
          "list": false,
          "required": true,
          "kind": "scalar",
          "relationField": true,
          "title": "Dentist Id",
          "create": false,
          "update": false,
          "editor": false,
          "upload": false,
          "read": true,
          "filter": true,
          "sort": true,
          "order": -1
        },
        {
          "id": "medicalRecord.dentist",
          "name": "dentist",
          "type": "User",
          "isId": false,
          "unique": false,
          "list": false,
          "required": true,
          "kind": "object",
          "title": "Dentist",
          "create": true,
          "update": true,
          "editor": false,
          "upload": false,
          "read": true,
          "filter": true,
          "sort": true,
          "order": -1
        },
        {
          "id": "medicalRecord.totalPrice",
          "name": "totalPrice",
          "type": "Float",
          "isId": false,
          "unique": false,
          "list": false,
          "required": true,
          "kind": "scalar",
          "relationField": false,
          "title": "Total Price",
          "create": true,
          "update": true,
          "editor": false,
          "upload": false,
          "read": true,
          "filter": true,
          "sort": true,
          "order": -1
        },
        {
          "id": "medicalRecord.diseases",
          "name": "diseases",
          "type": "dentalDisease",
          "isId": false,
          "unique": false,
          "list": true,
          "required": false,
          "kind": "object",
          "title": "Diseases",
          "create": true,
          "update": true,
          "editor": false,
          "upload": false,
          "read": true,
          "filter": true,
          "sort": true,
          "order": -1
        },
        {
          "id": "medicalRecord.procedures",
          "name": "procedures",
          "type": "dentalProcedure",
          "isId": false,
          "unique": false,
          "list": true,
          "required": false,
          "kind": "object",
          "title": "Procedures",
          "create": true,
          "update": true,
          "editor": false,
          "upload": false,
          "read": true,
          "filter": true,
          "sort": true,
          "order": -1
        }
      ]
    }
  ],
  "enums": [{ "name": "userRole", "fields": ["client", "dentist"] }]
}
